<?xml version="1.0"?>
<!DOCTYPE module PUBLIC
          "-//Checkstyle//DTD Checkstyle Configuration 1.3//EN"
          "https://checkstyle.org/dtds/configuration_1_3.dtd">
<module name="Checker">

	<module name="FileLength">
		<property name="max" value="600" />
	</module>


	<module name="TreeWalker">

		<module name="AvoidStarImport">
			<property name="severity" value="warning" />
		</module>

		<module name="MethodLength">
			<property name="max" value="100" />
		</module>
		
		
		
		 <module name="HiddenField"/>
		
		<module name="MagicNumber"/>
		
		<module name="MemberName"/>
		<module name="MethodName"/>
		<module name="ConstantName"/>
		<module name="TypeName"/>
		
		<module name="CyclomaticComplexity">
      		<property name="max" value="15"/>
        </module>

		<module name="BooleanExpressionComplexity"/>
		 
		 
	</module>
</module>